Run ID,Date,Total,Passed,Failed,Skipped,Timed Out,Pass Rate (%),Duration (ms)
"30a1151f-5e05-4ddc-ab20-dcdb029ceb48","10/1/2026, 10:30:03 PM",12,12,0,0,0,100,21727.55
"93c149aa-11b6-48fe-be47-578d0b901e82","10/1/2026, 11:30:03 AM",12,12,0,0,0,100,21261.370000000003
"fc0e2cc8-b495-49f3-9ab9-0a653f8a8264","9/30/2026, 10:30:04 PM",12,12,0,0,0,100,21956.543
"4b0e674b-dd18-4cb1-bef2-8f3c983297df","9/30/2026, 11:30:10 AM",12,12,0,0,0,100,21380.792
"a69f18a9-c542-4a98-98c7-17b616a1a7ae","9/30/2026, 8:05:59 AM",12,12,0,0,0,100,30425.322
"6cd2407b-625e-4e65-81bc-4c1f38159dcb","9/30/2026, 7:55:04 AM",13,12,1,0,0,92,36545.143000000004
"55e6d294-ea3a-44f5-98b6-8d3a03630390","9/29/2026, 10:30:04 PM",12,11,1,0,0,92,23619.84
"0a5b122e-c1f8-4f4d-ab52-3d26efa60532","9/29/2026, 11:30:04 AM",12,11,1,0,0,92,23137.695
"793c9c81-5177-4022-bdb8-df372e053a1c","9/28/2026, 10:30:04 PM",12,12,0,0,0,100,23205.279
"a4145fdd-4d27-4dd2-b1ce-c2d72f5a08a5","9/28/2026, 11:30:03 AM",12,12,0,0,0,100,22332.32
"c59b20e3-4087-468f-82b0-a3a8c45d797f","9/27/2026, 10:30:03 PM",12,12,0,0,0,100,21422.883
"e0c50f32-c77e-4096-8108-901ac389117e","9/27/2026, 11:30:03 AM",12,12,0,0,0,100,22828.446
"72222f66-20a1-44b3-969a-2d300f6ebbbd","9/26/2026, 10:30:04 PM",12,12,0,0,0,100,22974.315000000002
"86301618-2f55-4bda-8560-f45dbd589431","9/26/2026, 11:30:03 AM",12,12,0,0,0,100,21633.837
"0393fd1a-ef7f-4c66-b22e-ff88537736ab","9/25/2026, 10:30:04 PM",12,12,0,0,0,100,21785.614999999998
"a6bb8dac-09d3-4887-ac9b-2ba3faba25b1","9/25/2026, 11:30:04 AM",12,12,0,0,0,100,22945.672
"09caf850-e01c-4b9f-961c-db7c6dea724a","9/24/2026, 10:30:04 PM",12,12,0,0,0,100,21986.274999999998
"9965ea22-378a-43a6-bf2c-a2c000473eb7","9/24/2026, 11:30:04 AM",12,12,0,0,0,100,22663.451
"52e8b7fc-69e6-4a93-b083-2d3218b117fb","9/23/2026, 10:30:03 PM",12,12,0,0,0,100,21293.129
"8bc5287f-271f-4e9f-9e4e-42e5e72485e1","9/23/2026, 11:30:03 AM",12,12,0,0,0,100,22708.277000000002
"b18dfdb8-dc49-4aa2-a25e-6269b6cc7b35","9/22/2026, 10:30:03 PM",12,12,0,0,0,100,22515.174
"e5415a11-abba-4ed5-a200-84f709faf2ec","9/22/2026, 11:30:04 AM",12,12,0,0,0,100,22635.063
"bdf9fc85-0ee9-4533-b002-0c58747fd0af","9/21/2026, 10:30:04 PM",12,12,0,0,0,100,23071.557
"3884c72d-6195-479a-831c-3b9ce6e3fd82","9/21/2026, 11:30:03 AM",12,12,0,0,0,100,23628.341
"85fa2907-2208-4997-a100-7ea4350f9100","9/20/2026, 10:30:04 PM",12,12,0,0,0,100,23907.222
"7ebcc8eb-cf12-4e94-889d-53eaa86716b8","9/20/2026, 11:30:03 AM",12,12,0,0,0,100,25480.446
"247b4675-47fa-4668-bd40-2f00145b1af1","9/19/2026, 10:30:03 PM",12,12,0,0,0,100,23379.573
"39fa2c5b-4e02-4320-a258-30b520d3c2f4","9/19/2026, 11:30:04 AM",12,12,0,0,0,100,21913.458
"27faeb4a-8bbc-46f0-a7b5-863435bbd392","9/18/2026, 10:30:03 PM",12,12,0,0,0,100,21638.704
"4ee0a1f9-59cb-48d2-ba59-16d95f9d1cf5","9/18/2026, 11:30:04 AM",12,12,0,0,0,100,24852.265
"1ffed379-2067-4c8e-bcf4-229f06f9fd46","9/17/2026, 10:30:09 PM",12,12,0,0,0,100,22675.022
"f1491e11-3fab-4a3b-91d8-e01d1f2ce209","9/17/2026, 11:30:03 AM",12,12,0,0,0,100,22133.052
"9671375d-95c9-470d-8481-f0ce7918871a","9/16/2026, 10:30:04 PM",12,12,0,0,0,100,23324.491
"eecf4859-8e40-4654-80d4-15d26f1c9187","9/16/2026, 11:30:03 AM",12,12,0,0,0,100,24010.101000000002
"3b2b7cdd-118d-43d4-8fbc-da0bfa84e698","9/15/2026, 10:30:03 PM",12,12,0,0,0,100,22289.674
"7a5da91d-68bd-4055-ae4b-74ce956f053a","9/15/2026, 11:30:04 AM",12,12,0,0,0,100,22681
"f5290ab5-1744-45e9-8d37-ca296ad097e4","9/14/2026, 10:30:03 PM",12,12,0,0,0,100,24044.098
"7fa53251-a77e-4026-8323-d67c87300d09","9/14/2026, 11:30:03 AM",12,12,0,0,0,100,24656.123000000003
"7facdcb7-daa6-4cdd-bc9c-fd01c01a7fc6","9/13/2026, 10:30:03 PM",12,12,0,0,0,100,21495.038
"7de39790-576d-4f75-a416-50fff3e8a0bb","9/13/2026, 11:30:03 AM",12,12,0,0,0,100,21921.859999999997
"58148cd9-f6c7-4932-835a-0069dc61622f","9/12/2026, 10:30:03 PM",12,12,0,0,0,100,22605.58
"8459e95c-123c-44e6-8489-71b48775653d","9/12/2026, 11:30:04 AM",12,12,0,0,0,100,27364.2
"210217bb-321d-4cc5-b9d9-7caf9112589a","9/11/2026, 10:30:04 PM",12,12,0,0,0,100,22864.247
"084a97e4-4da6-47d8-b656-0783ae4e05d5","9/11/2026, 11:30:03 AM",12,12,0,0,0,100,23035.356
"671142b8-bcd5-4795-b712-ecabc1ace81b","9/10/2026, 10:30:04 PM",12,12,0,0,0,100,23212.232000000004
"fa058244-2c2e-4ca2-84a7-e3c1cfc6b091","9/10/2026, 11:30:03 AM",12,12,0,0,0,100,23617.396
"078cabdf-1fc9-4883-b8a2-2a35a492a39a","9/9/2026, 10:30:03 PM",12,12,0,0,0,100,23542.161
"c98f8ee1-1a17-4cf6-9384-759c8e909d07","9/9/2026, 11:30:03 AM",12,12,0,0,0,100,34593.993
"4fd240be-7eed-428a-9c55-50d3e90169ec","9/8/2026, 10:30:04 PM",12,12,0,0,0,100,23628.463
"4f57588d-44cf-43df-9295-5aaf8fed9d96","9/8/2026, 11:30:03 AM",12,12,0,0,0,100,26123.098
"9047e136-b604-413c-8945-d32b4d36a500","9/7/2026, 10:30:03 PM",12,12,0,0,0,100,24234.287
"5af684f6-0124-440c-99bc-b34e6ea68fe0","9/7/2026, 11:30:04 AM",12,12,0,0,0,100,25167.490999999998
"9de8ab44-2ec3-459b-af08-90cc3ba5ecd9","9/6/2026, 10:30:03 PM",12,11,1,0,0,92,410020.261
"0dc84c97-afdd-4b24-a99c-9feb4db6e1fe","9/6/2026, 11:30:03 AM",12,12,0,0,0,100,36429.34
"d3b7d9d5-d781-4ff2-a134-c713b3338747","9/5/2026, 10:30:03 PM",12,12,0,0,0,100,22576.24
"7c549ee3-24ad-41bd-8b6e-d28d1a685a76","9/5/2026, 11:30:04 AM",12,12,0,0,0,100,23007.038
"092de084-7fd0-4b5d-89d0-cb9213066508","9/4/2026, 10:30:04 PM",12,12,0,0,0,100,23526.843
"93750c30-2153-4d07-8b92-3a97dad8ddfe","9/4/2026, 11:33:39 AM",12,12,0,0,0,100,23996.805
"8c1fd66a-ea4e-4640-8402-ec6093f3ad9f","9/3/2026, 10:34:18 PM",12,12,0,0,0,100,22823.913
"8175fdef-4104-4436-a5b4-70821718fa49","9/3/2026, 11:30:04 AM",12,11,1,0,0,92,23686.824999999997
"9a9ab8a4-30e2-471c-b04a-a61044151a05","9/2/2026, 10:30:03 PM",12,12,0,0,0,100,22712.871
"404ce8cd-517a-46be-b58a-20bf1c2d8034","9/2/2026, 11:30:03 AM",12,12,0,0,0,100,23042.205